{
    "id": 2305253215888,
    "scene_width": 64000,
    "scene_height": 64000,
    "nodes": [
        {
            "id": 2305330490448,
            "title": "Input Flow",
            "pos_x": -369.20312500000006,
            "pos_y": 100.03124999999997,
            "inputs": [],
            "outputs": [
                {
                    "id": 2305330519248,
                    "index": 0,
                    "multi_edges": true,
                    "position": 5,
                    "socket_type": 1
                }
            ],
            "content": {
                "flow": {
                    "fluid": "water",
                    "temperature": 293.15,
                    "mass_flow_rate": 1.0
                }
            },
            "op_code": 1,
            "input_ids": {
                "1": null
            },
            "output_ids": {
                "1": null
            }
        },
        {
            "id": 2305330521552,
            "title": "co-current",
            "pos_x": -56.25000000000001,
            "pos_y": 97.49999999999997,
            "inputs": [
                {
                    "id": 2305214098832,
                    "index": 0,
                    "multi_edges": false,
                    "position": 2,
                    "socket_type": 2
                },
                {
                    "id": 2305330526928,
                    "index": 1,
                    "multi_edges": false,
                    "position": 2,
                    "socket_type": 2
                }
            ],
            "outputs": [
                {
                    "id": 2305330521104,
                    "index": 0,
                    "multi_edges": true,
                    "position": 5,
                    "socket_type": 2
                },
                {
                    "id": 2305330520784,
                    "index": 1,
                    "multi_edges": true,
                    "position": 5,
                    "socket_type": 2
                }
            ],
            "content": {
                "heat_transferability": null
            },
            "op_code": 4,
            "flow_ids": {
                "1": 2305330750864,
                "2": 2305330490448
            },
            "input_ids": {
                "1": 2305330613392,
                "2": 2305330490448
            },
            "output_ids": {
                "1": 2305330625168,
                "2": 2305330613392
            }
        },
        {
            "id": 2305330613392,
            "title": "co-current",
            "pos_x": 236.24999999999994,
            "pos_y": 95.0,
            "inputs": [
                {
                    "id": 2305330614544,
                    "index": 0,
                    "multi_edges": false,
                    "position": 2,
                    "socket_type": 2
                },
                {
                    "id": 2305330613008,
                    "index": 1,
                    "multi_edges": false,
                    "position": 2,
                    "socket_type": 2
                }
            ],
            "outputs": [
                {
                    "id": 2305330617232,
                    "index": 0,
                    "multi_edges": true,
                    "position": 5,
                    "socket_type": 2
                },
                {
                    "id": 2305330612432,
                    "index": 1,
                    "multi_edges": true,
                    "position": 5,
                    "socket_type": 2
                }
            ],
            "content": {
                "heat_transferability": null
            },
            "op_code": 4,
            "flow_ids": {
                "1": 2305330750864,
                "2": 2305330490448
            },
            "input_ids": {
                "1": 2305330682512,
                "2": 2305330521552
            },
            "output_ids": {
                "1": 2305330521552,
                "2": 2305330682512
            }
        },
        {
            "id": 2305330625168,
            "title": "co-current",
            "pos_x": -58.74999999999997,
            "pos_y": -152.49999999999997,
            "inputs": [
                {
                    "id": 2305330625232,
                    "index": 0,
                    "multi_edges": false,
                    "position": 2,
                    "socket_type": 2
                },
                {
                    "id": 2305330625104,
                    "index": 1,
                    "multi_edges": false,
                    "position": 2,
                    "socket_type": 2
                }
            ],
            "outputs": [
                {
                    "id": 2305330626384,
                    "index": 0,
                    "multi_edges": true,
                    "position": 5,
                    "socket_type": 2
                },
                {
                    "id": 2305330619088,
                    "index": 1,
                    "multi_edges": true,
                    "position": 5,
                    "socket_type": 2
                }
            ],
            "content": {
                "heat_transferability": null
            },
            "op_code": 4,
            "flow_ids": {
                "1": 2305330750864,
                "2": 2305330490448
            },
            "input_ids": {
                "1": 2305330521552,
                "2": 2305330682512
            },
            "output_ids": {
                "1": 2305330679568,
                "2": 2305330852048
            }
        },
        {
            "id": 2305330682512,
            "title": "co-current",
            "pos_x": 237.5,
            "pos_y": -153.74999999999997,
            "inputs": [
                {
                    "id": 2305330687248,
                    "index": 0,
                    "multi_edges": false,
                    "position": 2,
                    "socket_type": 2
                },
                {
                    "id": 2305330687440,
                    "index": 1,
                    "multi_edges": false,
                    "position": 2,
                    "socket_type": 2
                }
            ],
            "outputs": [
                {
                    "id": 2305330678480,
                    "index": 0,
                    "multi_edges": true,
                    "position": 5,
                    "socket_type": 2
                },
                {
                    "id": 2305330686672,
                    "index": 1,
                    "multi_edges": true,
                    "position": 5,
                    "socket_type": 2
                }
            ],
            "content": {
                "heat_transferability": null
            },
            "op_code": 4,
            "flow_ids": {
                "1": 2305330750864,
                "2": 2305330490448
            },
            "input_ids": {
                "1": 2305330750864,
                "2": 2305330613392
            },
            "output_ids": {
                "1": 2305330613392,
                "2": 2305330625168
            }
        },
        {
            "id": 2305330750864,
            "title": "Input Flow",
            "pos_x": 243.0,
            "pos_y": -394.0,
            "inputs": [],
            "outputs": [
                {
                    "id": 2305330741648,
                    "index": 0,
                    "multi_edges": true,
                    "position": 5,
                    "socket_type": 1
                }
            ],
            "content": {
                "flow": {
                    "fluid": "water",
                    "temperature": 293.15,
                    "mass_flow_rate": 1.0
                }
            },
            "op_code": 1,
            "input_ids": {
                "1": null
            },